,City,Country,Temp,Humidity,Cloud %,Windspeed,Lat,Long,Time
0,mar del plata,AR,13.91,38,14,10.68,-46.43,-67.52,2019-12-28 06:45:04
1,cabo san lucas,MX,17.52,72,75,1.5,22.89,-109.91,2019-12-28 06:41:11
2,aracuai,BR,18.88,94,18,1.4,-16.85,-42.07,2019-12-28 06:43:21
3,muisne,EC,24.08,89,84,2.79,0.61,-80.02,2019-12-28 06:45:05
4,jamestown,AU,37.08,15,80,4.85,-33.21,138.6,2019-12-28 06:45:05
5,kirgiz-miyaki,RU,-4.8,92,100,2.19,53.63,54.8,2019-12-28 06:45:06
6,ipixuna,BR,25.0,94,100,2.6,-1.76,-48.8,2019-12-28 06:45:06
7,smirnykh,RU,-15.88,83,0,2.83,49.74,142.83,2019-12-28 06:45:06
8,ushuaia,AR,1.95,93,53,2.05,-54.81,-68.31,2019-12-28 06:41:07
9,barrow,AR,22.77,82,14,1.22,-38.31,-60.23,2019-12-28 06:41:06
10,hasaki,JP,9.66,36,20,7.7,35.73,140.83,2019-12-28 06:45:07
11,denpasar,ID,32.0,66,40,4.1,-8.65,115.22,2019-12-28 06:41:40
12,fiumicino,IT,5.52,75,0,3.6,41.77,12.23,2019-12-28 06:45:07
13,punta arenas,CL,5.76,75,20,4.6,-53.16,-70.91,2019-12-28 06:41:11
14,omboue,GA,24.36,92,93,0.13,-1.57,9.26,2019-12-28 06:45:08
15,rikitea,PF,24.92,88,79,4.32,-23.12,-134.97,2019-12-28 06:45:08
16,alofi,NU,26.0,74,75,2.1,-19.06,-169.92,2019-12-28 06:45:08
17,provideniya,RU,-23.56,81,0,3.55,64.42,-173.23,2019-12-28 06:40:53
18,petropavlovsk-kamchatskiy,RU,0.0,76,75,10.0,53.05,158.65,2019-12-28 06:45:09
19,mbandaka,CD,24.24,82,100,0.83,0.05,18.26,2019-12-28 06:45:09
20,khatanga,RU,-34.23,98,99,3.05,71.98,102.47,2019-12-28 06:40:57
21,shenzhen,CN,21.07,45,0,5.0,22.54,114.05,2019-12-28 06:45:09
22,east london,ZA,17.0,82,75,2.1,-33.02,27.91,2019-12-28 06:45:10
23,pozo colorado,PY,26.96,65,0,2.36,-23.49,-58.8,2019-12-28 06:45:10
24,touros,BR,23.0,88,40,2.1,-5.2,-35.46,2019-12-28 06:41:13
25,yellowknife,CA,-24.09,75,90,3.6,62.45,-114.38,2019-12-28 06:40:51
26,boguchany,RU,-30.45,95,0,0.92,58.38,97.46,2019-12-28 06:45:11
27,nelson bay,AU,29.21,31,0,7.7,-32.72,152.14,2019-12-28 06:45:11
28,busselton,AU,29.1,31,0,7.56,-33.64,115.35,2019-12-28 06:41:03
29,la ronge,CA,-18.0,84,20,1.5,55.1,-105.3,2019-12-28 06:45:12
30,sertanopolis,BR,22.0,78,70,3.6,-23.06,-51.04,2019-12-28 06:45:12
31,kahului,US,21.65,88,75,4.1,20.89,-156.47,2019-12-28 06:45:12
32,hithadhoo,MV,27.62,82,100,5.49,-0.6,73.08,2019-12-28 06:45:12
33,mataura,NZ,11.11,76,84,6.71,-46.19,168.86,2019-12-28 06:41:01
34,albany,US,3.89,70,90,4.6,42.65,-73.75,2019-12-28 06:42:55
35,cape town,ZA,19.08,55,0,3.6,-33.93,18.42,2019-12-28 06:39:17
36,yeppoon,AU,28.0,51,99,5.7,-23.13,150.74,2019-12-28 06:45:13
37,narsaq,GL,-3.0,58,100,1.5,60.91,-46.05,2019-12-28 06:45:14
38,port hardy,CA,6.0,87,90,7.2,50.7,-127.42,2019-12-28 06:45:14
39,codrington,AU,27.03,39,13,5.7,-28.95,153.24,2019-12-28 06:45:14
40,souillac,FR,5.79,87,41,3.6,45.6,-0.6,2019-12-28 06:41:01
41,paamiut,GL,-6.55,49,0,2.04,61.99,-49.67,2019-12-28 06:45:15
42,fort nelson,CA,-25.0,83,75,2.1,58.81,-122.69,2019-12-28 06:45:15
43,beringovskiy,RU,-26.21,91,47,9.02,63.05,179.32,2019-12-28 06:45:16
44,vila,IT,0.32,100,40,3.6,45.18,8.4,2019-12-28 06:45:16
45,port alfred,ZA,20.56,69,45,2.68,-33.59,26.89,2019-12-28 06:40:57
46,bambous virieux,MU,28.63,70,75,6.7,-20.34,57.76,2019-12-28 06:45:16
47,huarmey,PE,18.69,88,40,1.23,-10.07,-78.15,2019-12-28 06:45:17
48,hermanus,ZA,19.75,68,0,6.71,-34.42,19.24,2019-12-28 06:40:53
49,kapaa,US,22.57,88,90,8.7,22.08,-159.32,2019-12-28 06:41:02
50,victoria,BN,30.0,70,75,3.6,5.28,115.24,2019-12-28 06:41:28
51,bathsheba,BB,26.0,74,20,5.1,13.22,-59.52,2019-12-28 06:45:18
52,pevek,RU,-29.09,97,24,3.98,69.7,170.27,2019-12-28 06:45:18
53,zhengjiatun,CN,-10.49,86,99,3.63,43.51,123.51,2019-12-28 06:45:18
54,tiksi,RU,-32.32,90,100,4.75,71.64,128.87,2019-12-28 06:45:19
55,bredasdorp,ZA,19.67,60,55,8.2,-34.53,20.04,2019-12-28 06:41:12
56,hofn,IS,7.22,89,61,12.9,64.25,-15.21,2019-12-28 06:45:19
57,campbell river,CA,4.43,93,90,2.1,50.02,-125.24,2019-12-28 06:40:35
58,cortez,US,-3.15,92,90,3.1,37.35,-108.58,2019-12-28 06:45:20
59,georgetown,GY,25.0,94,20,2.1,6.8,-58.16,2019-12-28 06:41:10
60,castro,CL,7.0,100,10,2.1,-42.48,-73.76,2019-12-28 06:40:51
61,norman wells,CA,-33.0,74,40,1.87,65.28,-126.83,2019-12-28 06:40:55
62,atuona,PF,27.39,76,21,6.78,-9.8,-139.03,2019-12-28 06:41:08
63,bluff,AU,29.53,47,100,7.4,-23.58,149.07,2019-12-28 06:41:05
64,tual,ID,29.33,77,63,8.36,-5.67,132.75,2019-12-28 06:45:21
65,juba,EE,-0.89,74,100,4.1,57.82,26.93,2019-12-28 06:45:22
66,guerrero negro,MX,13.98,70,1,5.39,27.97,-114.04,2019-12-28 06:45:22
67,upernavik,GL,-18.63,59,5,1.56,72.79,-56.15,2019-12-28 06:45:22
68,kaohsiung,TW,22.9,57,75,1.5,22.62,120.31,2019-12-28 06:45:23
69,hilo,US,21.42,88,90,2.6,19.71,-155.08,2019-12-28 06:40:54
70,puerto ayora,EC,23.33,87,53,1.79,-0.74,-90.35,2019-12-28 06:40:57
71,stebnyk,UA,-0.78,92,75,6.0,49.29,23.56,2019-12-28 06:45:23
72,flin flon,CA,-15.55,90,26,0.14,54.77,-101.88,2019-12-28 06:45:24
73,catuday,PH,27.76,72,3,1.1,16.29,119.81,2019-12-28 06:45:24
74,flinders,AU,27.3,51,0,3.6,-34.58,150.85,2019-12-28 06:45:24
75,punakha,BT,12.85,8,0,1.62,27.58,89.86,2019-12-28 06:45:24
76,islamkot,PK,20.87,26,0,4.15,24.7,70.18,2019-12-28 06:45:24
77,berlevag,NO,-3.04,78,100,13.17,70.86,29.09,2019-12-28 06:45:25
78,gdansk,PL,0.83,76,40,5.7,54.35,18.65,2019-12-28 06:44:35
79,rundu,NA,21.0,88,100,2.6,-17.91,19.77,2019-12-28 06:45:25
80,vaini,IN,26.42,57,2,3.1,15.34,74.49,2019-12-28 06:40:52
81,port elizabeth,US,6.8,93,1,2.6,39.31,-74.98,2019-12-28 06:41:01
82,sorland,NO,2.41,96,100,21.67,67.67,12.69,2019-12-28 06:45:26
83,fortuna,US,3.36,100,75,1.5,40.6,-124.16,2019-12-28 06:45:26
84,na wa,TH,28.0,45,20,3.1,17.49,104.1,2019-12-28 06:45:26
85,churapcha,RU,-32.26,97,99,2.37,62.0,132.43,2019-12-28 06:45:27
86,bulancak,TR,9.0,76,75,1.0,40.94,38.23,2019-12-28 06:45:27
87,carnarvon,ZA,19.73,24,0,5.13,-30.97,22.13,2019-12-28 06:40:59
88,noumea,NC,26.65,78,75,6.2,-22.28,166.46,2019-12-28 06:44:20
89,ribeira grande,PT,15.06,92,100,9.29,38.52,-28.7,2019-12-28 06:45:28
90,mount gambier,AU,31.0,31,0,5.7,-37.83,140.78,2019-12-28 06:45:28
91,baturaja,ID,30.23,64,51,2.02,-4.12,104.17,2019-12-28 06:45:28
92,kodiak,US,4.16,80,90,5.1,39.95,-94.76,2019-12-28 06:41:10
93,saint-philippe,CA,2.56,81,90,6.2,45.36,-73.48,2019-12-28 06:40:53
94,pisco,PE,20.31,88,35,1.5,-13.71,-76.2,2019-12-28 06:45:29
95,lebu,ET,16.0,59,40,4.1,8.96,38.73,2019-12-28 06:41:13
96,severo-kurilsk,RU,-2.38,98,100,2.86,50.68,156.12,2019-12-28 06:45:29
97,takoradi,GH,25.73,80,0,1.37,4.89,-1.75,2019-12-28 06:45:29
98,ketchikan,US,6.0,93,90,14.4,55.34,-131.65,2019-12-28 06:43:53
99,muncar,ID,29.57,68,2,2.44,-8.43,114.34,2019-12-28 06:45:30
100,marsaxlokk,MT,12.26,93,20,1.5,35.84,14.54,2019-12-28 06:45:30
101,hovd,NO,1.34,92,75,8.7,63.83,10.7,2019-12-28 06:45:30
102,arraial do cabo,BR,24.12,88,0,6.79,-22.97,-42.02,2019-12-28 06:45:30
103,neiafu,TO,27.0,65,75,5.7,-18.65,-173.98,2019-12-28 06:45:31
104,meulaboh,ID,27.93,70,29,0.35,4.14,96.13,2019-12-28 06:45:31
105,sao jose da coroa grande,BR,26.28,73,68,4.77,-8.9,-35.15,2019-12-28 06:45:31
106,hobart,AU,24.49,49,32,7.2,-42.88,147.33,2019-12-28 06:39:03
107,gimli,CA,-8.6,91,0,1.34,50.63,-96.99,2019-12-28 06:42:05
108,isangel,VU,29.0,79,75,7.7,-19.55,169.27,2019-12-28 06:45:32
109,sao filipe,CV,21.67,67,0,3.68,14.9,-24.5,2019-12-28 06:45:32
110,esperance,AU,26.0,47,0,8.7,-33.86,121.89,2019-12-28 06:40:37
111,laguna,BZ,20.33,94,49,0.79,16.17,-88.94,2019-12-28 06:45:32
112,namibe,AO,22.78,88,100,2.71,-15.19,12.15,2019-12-28 06:45:33
113,ilulissat,GL,-14.0,60,94,1.5,69.22,-51.1,2019-12-28 06:41:00
114,krasnoarmeyskoye,RU,-4.44,76,88,1.34,51.2,45.92,2019-12-28 06:45:33
115,piripiri,BR,23.35,86,93,1.24,-4.27,-41.78,2019-12-28 06:45:33
116,sinnamary,GF,26.63,81,100,7.98,5.38,-52.96,2019-12-28 06:45:33
117,ucluelet,CA,4.11,91,97,0.45,48.94,-125.55,2019-12-28 06:42:37
118,nueve de julio,AR,30.77,35,92,3.52,-31.67,-68.39,2019-12-28 06:45:34
119,goderich,CA,1.67,85,100,3.13,43.74,-81.71,2019-12-28 06:45:34
120,kailua,US,24.06,88,75,6.7,21.39,-157.74,2019-12-28 06:43:41
121,kota kinabalu,MY,30.73,74,75,3.6,5.98,116.07,2019-12-28 06:45:35
122,valdosta,US,17.85,77,90,1.5,30.83,-83.28,2019-12-28 06:45:35
123,saskylakh,RU,-34.92,95,96,2.56,71.97,114.09,2019-12-28 06:45:35
124,avarua,CK,24.0,69,24,4.1,-21.21,-159.78,2019-12-28 06:37:08
125,tura,RU,-32.63,91,42,2.31,64.27,100.22,2019-12-28 06:45:36
126,kruisfontein,ZA,17.22,69,67,7.11,-34.0,24.73,2019-12-28 06:45:36
127,mecca,SA,19.35,45,0,2.48,21.43,39.83,2019-12-28 06:44:21
128,nikolskoye,RU,-1.08,68,90,7.0,59.7,30.79,2019-12-28 06:40:49
129,traverse city,US,-0.38,82,90,1.5,44.76,-85.62,2019-12-28 06:45:36
130,bereda,ES,0.8,93,0,3.1,43.27,-7.54,2019-12-28 06:45:37
131,ocampo,MX,12.55,89,92,3.82,27.32,-102.4,2019-12-28 06:45:37
132,yerbogachen,RU,-29.4,95,95,2.93,61.28,108.01,2019-12-28 06:45:37
133,taitung,TW,22.0,78,75,5.7,22.76,121.15,2019-12-28 06:45:37
134,melilla,EC,25.0,88,90,1.5,-0.8,-80.23,2019-12-28 06:45:38
135,kisangani,CD,25.3,76,4,0.79,0.52,25.21,2019-12-28 06:45:38
136,bambanglipuro,ID,31.17,58,49,0.83,-7.95,110.28,2019-12-28 06:45:38
137,nhamunda,BR,23.74,96,28,1.11,-2.19,-56.71,2019-12-28 06:45:38
138,tabou,CI,23.71,93,0,1.14,4.42,-7.36,2019-12-28 06:45:38
139,garissa,KE,26.57,66,45,2.04,-0.46,39.64,2019-12-28 06:45:39
140,new norfolk,AU,24.38,49,42,7.2,-42.78,147.06,2019-12-28 06:45:39
141,bahia blanca,AR,20.87,86,50,3.56,-38.72,-62.27,2019-12-28 06:45:39
142,barcelos,BR,24.0,98,88,0.62,-0.97,-62.93,2019-12-28 06:41:00
143,lampazos de naranjo,MX,17.8,85,81,3.85,27.02,-100.51,2019-12-28 06:45:40
144,san quintin,PH,28.05,77,21,3.44,17.54,120.52,2019-12-28 06:45:40
145,dingle,PH,28.59,75,1,4.77,11.0,122.67,2019-12-28 06:45:41
146,thompson,CA,-12.0,85,90,1.0,55.74,-97.86,2019-12-28 06:39:41
147,avera,US,12.89,94,90,2.53,33.19,-82.53,2019-12-28 06:40:59
148,qaanaaq,GL,-19.95,50,10,3.28,77.48,-69.36,2019-12-28 06:41:06
149,kindu,CD,22.6,96,100,1.11,-2.95,25.92,2019-12-28 06:45:42
150,poum,MK,-3.0,73,40,1.5,41.28,20.71,2019-12-28 06:45:42
151,vanimo,PG,28.01,77,100,7.77,-2.67,141.3,2019-12-28 06:45:42
152,broken hill,AU,35.0,20,40,7.7,-31.97,141.45,2019-12-28 06:45:42
153,erie,US,3.01,86,90,3.1,42.13,-80.09,2019-12-28 06:45:43
154,chokurdakh,RU,-33.48,93,100,3.09,70.62,147.9,2019-12-28 06:45:43
155,iqaluit,CA,-19.0,77,90,6.7,63.75,-68.52,2019-12-28 06:40:55
156,kalmunai,LK,26.98,70,87,5.7,7.42,81.82,2019-12-28 06:45:43
157,leningradskiy,RU,-26.36,96,90,4.44,69.38,178.42,2019-12-28 06:40:58
158,gazli,UZ,12.41,32,88,4.92,40.13,63.45,2019-12-28 06:45:44
159,ponta do sol,BR,17.94,95,49,1.2,-20.63,-46.0,2019-12-28 06:45:44
160,chernihiv,UA,3.43,96,100,4.17,51.49,31.29,2019-12-28 06:45:28
161,codajas,BR,23.35,84,98,0.77,-3.84,-62.06,2019-12-28 06:45:45
162,adrar,DZ,6.0,48,100,6.2,27.87,-0.29,2019-12-28 06:40:52
163,altay,CN,-14.04,51,0,0.82,47.83,88.13,2019-12-28 06:45:45
164,treinta y tres,UY,21.6,84,0,3.58,-33.23,-54.39,2019-12-28 06:45:46
165,butaritari,KI,28.85,77,100,6.54,3.07,172.79,2019-12-28 06:45:46
166,sorong,ID,30.41,60,39,4.04,-0.86,131.25,2019-12-28 06:45:46
167,amapa,HN,20.75,88,5,1.0,15.09,-87.97,2019-12-28 06:45:46
168,road town,VG,25.62,78,75,4.1,18.42,-64.62,2019-12-28 06:45:47
169,kulhudhuffushi,MV,27.85,76,48,4.77,6.62,73.07,2019-12-28 06:45:47
170,shambu,ET,17.31,58,25,0.83,9.57,37.1,2019-12-28 06:45:47
171,saint george,GR,3.67,74,40,1.05,39.45,22.34,2019-12-28 06:45:20
172,tuktoyaktuk,CA,-33.0,67,20,4.6,69.44,-133.03,2019-12-28 06:40:53
173,shubarshi,KZ,-3.72,94,99,4.25,48.59,57.19,2019-12-28 06:45:48
174,bomet,KE,18.45,77,43,1.7,-0.78,35.34,2019-12-28 06:45:48
175,fare,PF,27.46,73,100,7.02,-16.7,-151.02,2019-12-28 06:45:48
176,lang son,VN,16.75,55,100,0.72,21.83,106.73,2019-12-28 06:45:49
177,ponta delgada,PT,19.0,88,75,10.8,37.73,-25.67,2019-12-28 06:45:49
178,dikson,RU,-22.19,97,100,1.97,73.51,80.55,2019-12-28 06:41:04
179,raudeberg,NO,6.68,75,100,11.3,61.99,5.14,2019-12-28 06:45:49
180,huancavelica,PE,1.78,88,64,0.19,-12.79,-74.97,2019-12-28 06:45:49
181,tuatapere,NZ,11.11,76,100,6.71,-46.13,167.69,2019-12-28 06:45:50
182,kraskino,RU,-2.32,62,9,5.48,42.71,130.78,2019-12-28 06:45:50
183,borogontsy,RU,-35.68,98,91,1.71,62.67,131.17,2019-12-28 06:45:50
184,bethel,US,-27.25,62,1,8.7,60.79,-161.76,2019-12-28 06:45:51
185,saint anthony,US,-11.66,84,90,1.5,43.97,-111.68,2019-12-28 06:45:51
186,senno,RU,-1.0,74,90,5.0,57.76,27.95,2019-12-28 06:45:51
187,geraldton,CA,-6.0,79,40,4.6,49.72,-86.95,2019-12-28 06:45:51
188,jakar,BT,8.45,11,0,2.25,27.55,90.75,2019-12-28 06:45:52
189,caravelas,BR,21.46,95,2,1.31,-17.73,-39.27,2019-12-28 06:45:52
190,khakurinokhabl,RU,5.46,84,90,0.97,45.02,40.23,2019-12-28 06:45:52
191,rocha,UY,21.33,85,25,4.15,-34.48,-54.34,2019-12-28 06:45:52
192,puerto carreno,CO,25.11,84,62,1.52,6.19,-67.49,2019-12-28 06:45:53
193,moose factory,CA,-4.0,79,90,2.6,51.26,-80.61,2019-12-28 06:45:53
194,arman,RU,-9.35,61,100,9.35,59.7,150.17,2019-12-28 06:45:53
195,finnsnes,NO,-0.86,62,75,9.3,69.23,17.98,2019-12-28 06:45:53
196,urucara,BR,24.35,90,49,0.68,-2.54,-57.76,2019-12-28 06:45:53
197,soyo,AO,25.83,87,100,1.32,-6.13,12.37,2019-12-28 06:45:54
198,port-gentil,GA,26.0,100,40,2.1,-0.72,8.78,2019-12-28 06:45:54
199,harqalah,SY,8.52,81,36,0.66,35.96,38.95,2019-12-28 06:45:54
200,tasiilaq,GL,-1.0,68,100,16.5,65.61,-37.64,2019-12-28 06:45:55
201,longyearbyen,NO,-7.0,79,75,3.6,78.22,15.63,2019-12-28 06:45:55
202,nizwa,OM,17.56,46,12,2.12,22.93,57.53,2019-12-28 06:45:55
203,kavieng,PG,28.91,71,32,5.03,-2.57,150.8,2019-12-28 06:45:55
204,rio grande,BR,23.33,90,11,1.79,-32.03,-52.1,2019-12-28 06:45:56
205,mahebourg,MU,28.62,70,75,6.7,-20.41,57.7,2019-12-28 06:45:56
206,gravdal,NO,3.32,86,75,9.3,59.79,5.78,2019-12-28 06:45:56
207,luderitz,NA,16.8,86,77,11.06,-26.65,15.16,2019-12-28 06:45:57
208,faanui,PF,26.82,76,86,8.31,-16.48,-151.75,2019-12-28 06:45:57
209,koslan,RU,-13.19,93,99,2.81,63.46,48.9,2019-12-28 06:45:57
210,vestmannaeyjar,IS,6.72,91,91,9.0,63.44,-20.27,2019-12-28 06:41:44
211,udachnyy,RU,-34.0,66,90,1.0,66.42,112.4,2019-12-28 06:45:57
212,cidreira,BR,23.12,89,21,12.16,-30.17,-50.22,2019-12-28 06:41:03
213,charters towers,AU,31.64,43,54,7.03,-20.07,146.27,2019-12-28 06:45:58
214,taoudenni,ML,14.2,24,0,2.77,22.68,-3.98,2019-12-28 06:45:58
215,yulara,AU,43.0,10,33,3.1,-25.24,130.99,2019-12-28 06:41:27
216,golub-dobrzyn,PL,1.08,82,93,3.13,53.11,19.05,2019-12-28 06:45:59
217,clarence town,AU,31.73,31,0,7.7,-32.59,151.78,2019-12-28 06:45:59
218,leh,IN,-13.21,10,0,0.76,34.16,77.58,2019-12-28 06:45:59
219,zhigansk,RU,-32.08,94,100,5.07,66.77,123.37,2019-12-28 06:45:59
220,vila velha,BR,27.87,74,75,6.7,-3.71,-38.6,2019-12-28 06:46:00
221,santa luzia,BR,20.51,77,7,3.1,-19.77,-43.85,2019-12-28 06:46:00
222,necochea,AR,20.85,82,21,4.08,-38.55,-58.74,2019-12-28 06:46:00
223,kaseda,JP,10.77,37,20,2.1,31.42,130.32,2019-12-28 06:46:00
224,golden,US,-2.65,92,90,3.32,39.76,-105.22,2019-12-28 06:41:16
225,kaitangata,NZ,11.67,62,99,3.58,-46.28,169.85,2019-12-28 06:46:01
226,grants pass,US,-1.33,92,20,0.1,42.44,-123.33,2019-12-28 06:46:01
227,victor harbor,AU,28.25,42,0,6.2,-35.55,138.62,2019-12-28 06:46:01
228,outjo,NA,23.4,34,90,3.56,-20.11,16.16,2019-12-28 06:46:01
229,tezu,IN,19.09,42,0,1.86,27.93,96.16,2019-12-28 06:46:02
230,redcar,GB,7.32,93,75,5.7,54.62,-1.06,2019-12-28 06:46:02
231,bowen,AU,28.38,66,40,6.2,-20.01,148.25,2019-12-28 06:46:02
232,cordoba,AR,29.89,42,100,2.15,-27.78,-67.24,2019-12-28 06:44:57
233,havelock,US,11.46,87,20,1.29,34.88,-76.9,2019-12-28 06:46:03
234,caala,AO,17.11,98,100,0.95,-12.85,15.56,2019-12-28 06:46:04
235,kananga,CD,20.79,96,100,1.12,-5.9,22.41,2019-12-28 06:46:04
236,pacific grove,US,5.14,65,1,3.6,36.62,-121.92,2019-12-28 06:46:04
237,koygorodok,RU,-7.49,90,100,4.5,60.44,51.01,2019-12-28 06:46:04
238,mehamn,NO,-5.02,73,100,7.34,71.03,27.85,2019-12-28 06:40:59
239,padang,ID,27.05,75,85,1.23,-0.92,100.36,2019-12-28 06:46:05
240,orlik,PL,0.13,84,40,5.7,53.95,17.74,2019-12-28 06:46:05
241,nishihara,JP,9.77,43,20,8.2,35.74,139.53,2019-12-28 06:46:05
242,thinadhoo,MV,28.1,77,96,6.0,0.53,72.93,2019-12-28 06:46:06
243,trofors,NO,4.0,92,90,10.8,65.54,13.39,2019-12-28 06:46:06
244,vardo,US,4.76,100,90,1.27,39.62,-77.74,2019-12-28 06:46:06
245,katsuura,JP,9.91,50,40,5.1,33.93,134.5,2019-12-28 06:46:06
246,chuy,UY,22.32,76,2,4.0,-33.69,-53.46,2019-12-28 06:46:07
247,richards bay,ZA,21.77,73,100,6.45,-28.77,32.06,2019-12-28 06:46:07
248,torbat-e jam,IR,10.65,31,0,2.94,35.24,60.63,2019-12-28 06:46:07
249,okhotsk,RU,-11.45,94,100,6.87,59.36,143.24,2019-12-28 06:46:08
250,washougal,US,4.86,87,90,2.6,45.58,-122.35,2019-12-28 06:46:08
251,fukue,JP,10.0,51,20,5.1,35.03,136.69,2019-12-28 06:46:08
252,beloha,MG,31.57,47,5,2.76,-25.17,45.06,2019-12-28 06:46:08
253,coihueco,CL,13.36,87,100,2.1,-36.63,-71.83,2019-12-28 06:46:08
254,dondo,MZ,30.0,79,75,8.7,-19.62,34.74,2019-12-28 06:46:09
255,masuguru,MZ,23.93,93,100,2.21,-11.38,38.46,2019-12-28 06:46:09
256,erdenet,MN,-21.14,92,100,1.48,49.03,104.04,2019-12-28 06:46:09
257,kommunisticheskiy,RU,-13.49,96,100,1.15,61.68,64.48,2019-12-28 06:46:09
258,belmonte,PT,4.17,61,0,0.89,40.36,-7.35,2019-12-28 06:46:10
259,waddan,LY,8.75,90,20,3.7,29.16,16.14,2019-12-28 06:46:10
260,matamoros,US,18.52,93,1,2.6,25.87,-97.51,2019-12-28 06:46:10
261,shihezi,CN,-8.73,84,100,1.35,44.3,86.03,2019-12-28 06:46:11
262,lavos,PT,7.88,75,0,2.1,40.09,-8.83,2019-12-28 06:46:11
263,aklavik,CA,-32.0,67,5,1.0,68.22,-135.01,2019-12-28 06:46:11
264,inverell,AU,33.72,16,0,2.68,-29.78,151.11,2019-12-28 06:46:11
265,lompoc,US,5.7,52,1,2.6,34.64,-120.46,2019-12-28 06:46:12
266,northam,AU,28.62,32,0,5.1,-31.65,116.67,2019-12-28 06:46:12
267,fredericksburg,US,5.07,100,40,0.8,38.3,-77.46,2019-12-28 06:42:17
268,minden,US,-0.33,98,90,2.6,40.5,-98.95,2019-12-28 06:46:12
269,buta,CD,22.34,43,68,0.81,2.79,24.73,2019-12-28 06:46:13
270,saint pete beach,US,20.79,94,20,3.6,27.73,-82.74,2019-12-28 06:42:33
271,kobryn,BY,1.0,86,90,7.0,52.21,24.36,2019-12-28 06:46:13
272,zyryanka,RU,-29.07,80,99,2.01,65.73,150.89,2019-12-28 06:46:13
273,kharp,RU,-22.89,94,14,6.93,66.82,65.8,2019-12-28 06:46:14
274,basoko,CD,25.15,71,7,0.17,1.23,23.61,2019-12-28 06:46:14
275,grindavik,IS,5.0,100,75,4.6,63.84,-22.43,2019-12-28 06:46:14
276,waingapu,ID,30.04,75,27,6.98,-9.65,120.26,2019-12-28 06:46:14
277,husavik,CA,-8.59,91,0,1.34,50.56,-96.99,2019-12-28 06:46:14
278,zyryanskoye,RU,-28.51,95,0,1.82,56.83,86.62,2019-12-28 06:46:15
279,lianran,CN,12.18,81,75,8.0,24.92,102.47,2019-12-28 06:46:15
280,karpathos,GR,11.0,76,40,1.5,35.51,27.21,2019-12-28 06:46:15
281,te anau,NZ,9.6,63,100,4.58,-45.41,167.72,2019-12-28 06:46:15
282,juneau,US,3.0,93,90,6.2,58.3,-134.42,2019-12-28 06:46:16
283,balikpapan,ID,29.89,75,100,1.47,-1.24,116.86,2019-12-28 06:46:16
284,thaton,MM,34.15,35,29,1.24,16.91,97.37,2019-12-28 06:46:16
285,ulaangom,MN,-17.99,86,32,0.35,49.98,92.07,2019-12-28 06:46:16
286,hay river,CA,-26.0,83,90,2.6,60.82,-115.79,2019-12-28 06:46:17
287,nicoya,CR,22.01,78,19,1.5,10.15,-85.45,2019-12-28 06:45:01
288,torbay,CA,-6.93,85,75,2.6,47.66,-52.73,2019-12-28 06:46:17
289,lubao,CD,21.67,96,100,2.23,-5.39,25.75,2019-12-28 06:46:18
290,omsukchan,RU,-23.93,67,56,1.94,62.53,155.8,2019-12-28 06:46:18
291,havoysund,NO,-3.0,68,100,9.8,71.0,24.66,2019-12-28 06:41:11
292,lasa,CY,11.52,48,40,5.7,34.92,32.53,2019-12-28 06:46:18
293,london,GB,6.84,93,90,2.1,51.51,-0.13,2019-12-28 06:42:23
294,saint-joseph,FR,3.55,86,8,2.6,43.56,6.97,2019-12-28 06:40:55
295,rio verde de mato grosso,BR,24.27,76,100,4.27,-18.92,-54.84,2019-12-28 06:41:53
296,elesbao veloso,BR,23.15,87,79,1.09,-6.2,-42.14,2019-12-28 06:46:19
297,cherskiy,RU,-29.56,89,0,4.19,68.75,161.3,2019-12-28 06:46:20
298,nouadhibou,MR,18.0,42,0,5.1,20.93,-17.03,2019-12-28 06:41:03
299,alice springs,AU,40.0,14,68,2.1,-23.7,133.88,2019-12-28 06:46:20
300,bradford,GB,7.95,100,90,3.1,53.79,-1.75,2019-12-28 06:46:11
301,cervo,BR,15.84,96,4,1.8,-22.19,-46.24,2019-12-28 06:46:20
302,pangody,RU,-21.72,99,99,4.01,65.85,74.49,2019-12-28 06:46:21
303,buraydah,SA,13.0,66,0,3.1,26.33,43.97,2019-12-28 06:42:04
304,faratsiho,MG,21.13,61,13,2.26,-19.41,46.95,2019-12-28 06:46:21
305,ushumun,RU,-28.13,94,95,1.95,52.78,126.54,2019-12-28 06:46:22
306,florence,US,13.19,100,90,0.99,34.2,-79.77,2019-12-28 06:45:06
307,egvekinot,RU,-24.61,92,1,4.67,66.32,-179.17,2019-12-28 06:46:22
308,hami,CN,-4.45,51,0,1.91,42.84,93.51,2019-12-28 06:46:22
309,bendorf,DE,-2.07,92,41,1.5,50.42,7.57,2019-12-28 06:46:23
310,naze,NG,22.03,97,99,1.63,5.43,7.07,2019-12-28 06:46:23
311,tautira,PF,25.0,83,75,2.6,-17.73,-149.15,2019-12-28 06:46:23
312,misratah,LY,16.94,67,55,10.92,32.38,15.09,2019-12-28 06:46:23
313,ahipara,NZ,18.33,74,4,8.75,-35.17,173.16,2019-12-28 06:46:24
314,plotnikovo,RU,-30.0,67,0,1.0,55.04,83.4,2019-12-28 06:46:24
315,sangin,AF,13.08,18,0,0.23,32.07,64.85,2019-12-28 06:46:24
316,maniitsoq,GL,-9.06,54,0,1.02,65.42,-52.9,2019-12-28 06:46:24
317,port lincoln,AU,25.12,39,0,6.57,-34.72,135.86,2019-12-28 06:46:25
318,praia da vitoria,PT,16.0,93,75,15.61,38.73,-27.07,2019-12-28 06:41:09
319,nanortalik,GL,0.38,77,100,2.44,60.14,-45.24,2019-12-28 06:41:04
320,painesville,US,3.11,94,90,4.1,41.72,-81.25,2019-12-28 06:46:25
321,oshakati,NA,24.72,62,99,2.15,-17.78,15.7,2019-12-28 06:46:26
322,tyukhtet,RU,-27.48,92,0,2.58,56.54,89.31,2019-12-28 06:46:26
323,honningsvag,NO,-2.46,75,100,13.91,70.98,25.97,2019-12-28 06:46:26
324,colquechaca,BO,9.57,87,100,1.65,-18.7,-66.0,2019-12-28 06:46:26
325,eresos,GR,10.0,71,40,4.1,39.17,25.93,2019-12-28 06:46:27
326,asyut,EG,8.0,67,0,1.47,27.18,31.19,2019-12-28 06:46:27
327,tarko-sale,RU,-16.67,86,100,7.33,64.92,77.78,2019-12-28 06:46:27
328,abu samrah,SY,8.92,80,41,2.31,35.3,37.18,2019-12-28 06:46:27
329,ventanas,CL,13.0,82,0,2.1,-32.74,-71.48,2019-12-28 06:46:28
330,anahuac,MX,13.89,90,96,0.91,26.44,-109.02,2019-12-28 06:46:28
331,hope,US,15.72,93,40,2.6,33.67,-93.59,2019-12-28 06:46:29
332,yumen,CN,-4.31,49,10,8.31,40.29,97.04,2019-12-28 06:46:29
333,vila franca do campo,PT,19.0,88,75,10.8,37.72,-25.43,2019-12-28 06:46:29
334,kenai,US,-11.37,85,90,4.1,60.55,-151.26,2019-12-28 06:40:51
335,capinota,BO,16.0,63,75,1.5,-17.71,-66.26,2019-12-28 06:46:30
336,trincomalee,LK,26.56,64,100,2.33,8.58,81.23,2019-12-28 06:46:30
337,saint-francois,FR,6.21,93,75,1.0,46.42,3.91,2019-12-28 06:46:30
338,rawson,AR,17.62,52,23,7.49,-43.3,-65.11,2019-12-28 06:46:30
339,axim,GH,24.02,88,0,0.11,4.87,-2.24,2019-12-28 06:46:31
340,honiara,SB,31.0,66,40,2.1,-9.43,159.96,2019-12-28 06:46:31
341,tyrma,RU,-22.5,93,100,0.71,50.04,132.17,2019-12-28 06:46:31
342,vuktyl,RU,-18.53,99,80,2.67,63.86,57.31,2019-12-28 06:46:31
343,batagay-alyta,RU,-37.06,77,14,1.54,67.8,130.41,2019-12-28 06:46:32
344,half moon bay,US,5.63,100,20,2.93,37.46,-122.43,2019-12-28 06:46:32
345,warrington,GB,8.47,93,90,3.6,53.39,-2.59,2019-12-28 06:46:32
346,emerald,AU,31.99,36,90,6.7,-23.53,148.16,2019-12-28 06:46:32
347,balagunan,PH,30.04,59,40,5.1,7.49,125.52,2019-12-28 06:46:32
348,clyde river,CA,-20.0,83,1,3.1,70.47,-68.59,2019-12-28 06:41:12
349,praya,ID,29.0,83,75,1.5,-8.71,116.27,2019-12-28 06:46:33
350,guiberoua,CI,21.63,99,6,0.52,6.24,-6.17,2019-12-28 06:46:33
351,bonavista,CA,-6.67,85,99,1.79,48.65,-53.11,2019-12-28 06:46:33
352,imeni poliny osipenko,RU,-27.12,94,66,2.22,52.42,136.49,2019-12-28 06:46:34
353,tecoanapa,MX,25.0,94,20,0.8,16.99,-99.26,2019-12-28 06:46:34
354,shumyachi,RU,-1.15,95,100,5.39,53.86,32.43,2019-12-28 06:46:34
355,weston,US,6.29,93,1,5.37,41.2,-73.38,2019-12-28 06:46:34
356,naryan-mar,RU,-8.88,92,52,4.42,67.67,53.09,2019-12-28 06:46:34
357,petersburg,US,7.53,93,75,1.86,37.23,-77.4,2019-12-28 06:46:35
358,trapani,IT,10.06,71,40,2.6,38.02,12.54,2019-12-28 06:46:35
359,san patricio,PY,25.42,68,13,2.7,-26.98,-56.83,2019-12-28 06:41:08
360,rogovatoye,RU,0.69,87,100,3.26,51.23,38.38,2019-12-28 06:46:35
361,visby,SE,0.61,81,18,3.1,57.64,18.3,2019-12-28 06:46:36
362,quatre cocos,MU,28.66,70,75,6.7,-20.21,57.76,2019-12-28 06:46:36
363,phonhong,LA,27.0,47,54,4.1,18.5,102.42,2019-12-28 06:46:37
364,shubarkuduk,KZ,-4.36,96,97,3.74,49.15,56.49,2019-12-28 06:46:37
365,poddorye,RU,-2.92,78,100,5.28,57.47,31.12,2019-12-28 06:46:37
366,uruacu,BR,21.06,92,69,0.92,-14.52,-49.14,2019-12-28 06:46:37
367,sheltozero,RU,-3.24,76,100,11.31,61.37,35.37,2019-12-28 06:46:38
368,gorom-gorom,BF,17.03,17,0,4.5,14.45,-0.24,2019-12-28 06:46:38
369,gaya,IN,9.0,87,75,3.1,24.8,85.01,2019-12-28 06:46:38
370,manggar,ID,28.23,76,49,6.21,-2.88,108.27,2019-12-28 06:46:38
371,klaksvik,FO,8.0,93,87,6.7,62.23,-6.59,2019-12-28 06:46:39
372,ambilobe,MG,28.74,73,100,0.96,-13.19,49.05,2019-12-28 06:46:39
373,itaqui,BR,25.76,67,1,3.39,-29.13,-56.55,2019-12-28 06:46:39
374,kloulklubed,PW,30.0,66,75,5.7,7.04,134.26,2019-12-28 06:46:39
375,semnan,IR,8.57,54,31,3.02,35.58,53.39,2019-12-28 06:46:39
376,umm lajj,SA,16.78,39,0,4.9,25.02,37.27,2019-12-28 06:46:40
377,basco,US,2.64,93,75,5.1,40.33,-91.2,2019-12-28 06:46:41
378,gewane,ET,26.79,50,68,3.63,10.16,40.66,2019-12-28 06:46:42
379,banjar,ID,33.4,50,56,1.56,-7.37,108.54,2019-12-28 06:46:42
380,le vauclin,MQ,22.0,94,40,1.0,14.55,-60.84,2019-12-28 06:46:42
381,labytnangi,RU,-22.73,84,0,2.0,66.66,66.39,2019-12-28 06:46:43
382,los llanos de aridane,ES,20.84,32,100,3.6,28.66,-17.92,2019-12-28 06:41:14
383,mana,NG,14.77,20,0,4.76,13.03,5.27,2019-12-28 06:46:43
384,tongzi,CN,10.23,62,99,0.69,28.78,105.09,2019-12-28 06:46:43
385,sola,TZ,21.62,72,99,1.94,-3.17,33.8,2019-12-28 06:46:44
386,araouane,ML,16.01,15,0,3.98,18.9,-3.53,2019-12-28 06:46:44
387,kirishi,RU,-3.13,73,100,5.05,59.45,32.01,2019-12-28 06:46:44
388,novyy urgal,RU,-27.23,90,100,0.4,51.07,132.56,2019-12-28 06:46:45
389,wattegama,LK,30.12,50,32,1.78,7.35,80.68,2019-12-28 06:46:45
390,virginia beach,US,9.1,100,75,4.22,36.85,-75.98,2019-12-28 06:45:48
391,killam,CA,-5.56,64,46,0.89,52.79,-111.86,2019-12-28 06:45:20
392,coihaique,CL,0.5,98,7,2.49,-45.58,-72.07,2019-12-28 06:46:46
393,hobyo,SO,28.44,64,4,6.28,5.35,48.53,2019-12-28 06:46:46
394,iquitos,PE,25.0,94,75,1.0,-3.75,-73.25,2019-12-28 06:46:47
395,gamba,CN,-10.69,13,0,2.18,28.28,88.52,2019-12-28 06:46:47
396,sistranda,NO,2.67,86,75,11.3,63.73,8.83,2019-12-28 06:46:47
397,natal,BR,23.0,88,40,2.1,-5.81,-35.21,2019-12-28 06:42:26
398,yakeshi,CN,-23.81,91,43,1.99,49.28,120.73,2019-12-28 06:46:48
399,ondangwa,NA,25.02,61,100,1.29,-17.91,15.98,2019-12-28 06:46:48
400,vologda,RU,-5.66,91,100,5.4,59.22,39.89,2019-12-28 06:46:49
401,millerovo,RU,3.49,97,100,0.82,48.92,40.39,2019-12-28 06:46:49
402,morant bay,JM,23.68,83,20,5.1,17.88,-76.41,2019-12-28 06:46:49
403,acapulco,MX,25.0,94,20,1.1,16.86,-99.88,2019-12-28 06:43:44
404,turbat,PK,20.07,40,0,0.78,26.0,63.05,2019-12-28 06:46:50
405,tygda,RU,-28.13,94,95,1.95,53.11,126.33,2019-12-28 06:46:50
406,airai,TL,25.42,80,34,1.8,-8.93,125.41,2019-12-28 06:46:51
407,jacqueville,CI,26.0,94,20,1.5,5.21,-4.42,2019-12-28 06:46:51
408,ambulu,ID,28.16,76,1,5.72,-8.35,113.61,2019-12-28 06:46:51
409,trebisov,SK,0.93,69,75,5.7,48.63,21.72,2019-12-28 06:46:51
410,santa cruz,BR,20.66,96,47,2.38,-6.22,-36.02,2019-12-28 06:46:52
411,coquimbo,CL,14.0,87,51,1.0,-29.95,-71.34,2019-12-28 06:46:52
412,chara,GR,3.67,74,40,1.05,39.42,22.43,2019-12-28 06:46:52
413,copiapo,CL,15.0,82,78,3.1,-27.37,-70.33,2019-12-28 06:46:52
414,saint-pierre,FR,6.48,93,90,2.6,48.95,4.24,2019-12-28 06:41:13
415,riyadh,SA,15.0,41,0,4.1,24.63,46.72,2019-12-28 06:37:06
416,sergeyevka,KZ,-11.9,90,100,4.74,53.88,67.42,2019-12-28 06:46:53
417,adwa,ET,17.34,60,21,1.45,14.16,38.9,2019-12-28 06:46:53
418,swan hill,AU,35.56,25,100,4.92,-35.34,143.56,2019-12-28 06:46:54
419,ust-nera,RU,-36.09,91,100,0.85,64.57,143.24,2019-12-28 06:46:54
420,balabac,PH,29.04,72,76,4.14,7.99,117.06,2019-12-28 06:46:54
421,zhenhai,CN,14.49,58,38,6.0,29.95,121.71,2019-12-28 06:46:55
422,nome,US,18.1,93,90,4.1,30.04,-94.42,2019-12-28 06:46:55
423,kununurra,AU,41.0,30,1,1.5,-15.77,128.74,2019-12-28 06:46:55
424,barcelona,ES,5.9,86,20,4.6,41.38,2.18,2019-12-28 06:42:42
425,ous,RU,-12.78,94,99,2.49,60.91,61.52,2019-12-28 06:46:55
426,tyret pervaya,RU,-27.47,92,100,2.9,53.67,102.31,2019-12-28 06:46:56
427,riberalta,BO,24.09,87,99,0.92,-11.0,-66.08,2019-12-28 06:46:56
428,port hawkesbury,CA,1.39,93,90,4.1,45.62,-61.36,2019-12-28 06:46:15
429,hamilton,CA,3.02,83,90,3.1,43.26,-79.87,2019-12-28 06:42:57
430,kihei,US,21.65,88,75,4.1,20.76,-156.45,2019-12-28 06:42:39
431,ugoofaaru,MV,27.73,80,11,5.57,5.67,73.0,2019-12-28 06:46:57
432,kota,IN,16.66,25,0,2.7,25.17,75.86,2019-12-28 06:46:57
433,durres,AL,-2.0,86,0,0.5,41.32,19.44,2019-12-28 06:46:57
434,najran,SA,18.0,31,61,1.0,17.54,44.22,2019-12-28 06:41:09
435,hirara,JP,20.51,64,75,4.6,24.8,125.28,2019-12-28 06:46:58
436,salalah,OM,25.0,65,75,6.2,17.01,54.1,2019-12-28 06:41:06
437,chalus,IR,15.0,72,40,6.2,36.66,51.42,2019-12-28 06:46:58
438,puerto quijarro,BO,24.59,72,1,1.23,-19.0,-57.72,2019-12-28 06:46:59
439,sao luis do quitunde,BR,22.0,94,40,2.1,-9.32,-35.56,2019-12-28 06:46:59
440,monte escobedo,MX,10.92,72,27,1.58,22.3,-103.58,2019-12-28 06:46:59
441,ostrovnoy,RU,-10.51,88,43,8.63,68.05,39.51,2019-12-28 06:46:59
442,puerto leguizamo,CO,22.71,97,50,0.28,-0.19,-74.78,2019-12-28 06:47:00
443,oksfjord,NO,-6.84,68,100,9.8,70.24,22.35,2019-12-28 06:47:00
444,port moresby,PG,32.0,66,40,7.7,-9.47,147.16,2019-12-28 06:47:00
445,mercedes,UY,25.62,71,0,3.77,-33.25,-58.03,2019-12-28 06:47:00
446,amahai,ID,31.02,68,99,8.85,-3.31,129.0,2019-12-28 06:47:01
447,algeciras,ES,14.65,82,75,10.3,36.13,-5.45,2019-12-28 06:47:01
448,fitchburg,US,4.65,75,40,3.1,42.58,-71.8,2019-12-28 06:47:01
449,puerto del rosario,ES,16.57,87,0,3.1,28.5,-13.86,2019-12-28 06:47:01
450,shenjiamen,CN,12.41,63,12,5.61,29.96,122.3,2019-12-28 06:47:02
451,inhambane,MZ,27.0,78,75,5.1,-23.87,35.38,2019-12-28 06:47:02
452,kitimat,CA,1.06,98,90,3.1,54.02,-128.69,2019-12-28 06:47:02
453,zhuanghe,CN,4.44,64,5,1.34,39.7,122.97,2019-12-28 06:47:03
454,morden,CA,-9.16,73,1,3.1,49.19,-98.1,2019-12-28 06:47:03
455,ghanzi,BW,26.76,48,100,6.41,-21.7,21.65,2019-12-28 06:47:03
456,goshen,US,0.39,80,90,2.1,41.58,-85.83,2019-12-28 06:47:03
457,saint-leu,RE,28.11,62,75,6.7,-21.15,55.28,2019-12-28 06:47:04
458,kavaratti,IN,28.74,72,74,3.77,10.57,72.64,2019-12-28 06:47:04
459,kindersley,CA,-6.36,79,90,2.1,51.47,-109.16,2019-12-28 06:47:04
460,okitipupa,NG,21.06,91,53,1.08,6.5,4.78,2019-12-28 06:47:04
461,asosa,ET,22.79,32,97,2.99,10.07,34.53,2019-12-28 06:47:05
462,merauke,ID,32.17,54,26,3.5,-8.49,140.4,2019-12-28 06:47:05
463,gvardeysk,RU,1.0,69,75,7.0,54.65,21.07,2019-12-28 06:47:05
464,split,HR,5.68,48,75,4.6,43.51,16.44,2019-12-28 06:47:05
465,talcahuano,CL,16.0,93,64,1.5,-36.72,-73.12,2019-12-28 06:47:05
466,yar-sale,RU,-22.46,96,82,4.21,66.83,70.83,2019-12-28 06:47:06
467,shingu,JP,11.0,53,20,6.2,33.72,135.99,2019-12-28 06:47:06
468,ranong,TH,32.0,55,75,4.6,9.96,98.62,2019-12-28 06:47:06
469,lixourion,GR,7.93,70,40,3.1,38.2,20.43,2019-12-28 06:47:06
470,cuamba,MZ,24.72,84,100,2.56,-14.8,36.54,2019-12-28 06:47:07
471,serebryanyy bor,RU,-29.74,97,95,0.55,56.8,124.8,2019-12-28 06:47:07
472,sabang,PH,28.89,80,47,0.89,13.8,121.11,2019-12-28 06:47:07
473,jalu,LY,11.85,74,32,4.3,29.03,21.55,2019-12-28 06:47:07
474,obzor,BG,2.27,69,20,4.1,42.82,27.88,2019-12-28 06:42:23
475,noyabrsk,RU,-18.01,96,100,9.17,63.2,75.45,2019-12-28 06:47:08
476,nogliki,RU,-20.01,81,45,6.35,51.8,143.14,2019-12-28 06:47:08
477,valleyview,CA,-8.32,84,0,1.88,55.07,-117.28,2019-12-28 06:47:08
478,sucua,EC,17.69,98,86,0.83,-2.46,-78.17,2019-12-28 06:47:08
479,san cristobal,HN,15.37,94,0,0.72,14.68,-86.92,2019-12-28 06:47:09
480,mayo,CA,-27.0,75,90,1.44,63.59,-135.9,2019-12-28 06:47:09
481,leeds,GB,7.76,100,90,3.1,53.8,-1.54,2019-12-28 06:47:09
482,nantucket,US,6.45,93,1,5.7,41.28,-70.1,2019-12-28 06:47:09
483,paraiso,BR,26.0,100,40,2.1,-0.03,-51.17,2019-12-28 06:47:10
484,haines junction,CA,-16.14,96,100,2.46,60.75,-137.51,2019-12-28 06:47:10
485,roald,NO,6.83,61,75,7.7,62.58,6.12,2019-12-28 06:47:10
486,purpe,RU,-16.67,86,100,7.27,64.48,76.69,2019-12-28 06:47:10
487,paciran,ID,29.41,67,77,2.74,-6.9,112.33,2019-12-28 06:47:11
488,sidmouth,GB,8.64,93,75,2.6,50.68,-3.24,2019-12-28 06:47:11
489,banda aceh,ID,31.04,52,2,3.42,5.56,95.32,2019-12-28 06:47:11
490,santa maria da boa vista,BR,22.04,76,57,6.56,-8.8,-39.83,2019-12-28 06:47:11
491,shima,JP,10.0,60,20,5.1,34.34,136.82,2019-12-28 06:47:12
492,esmeraldas,BR,20.5,73,0,3.1,-19.76,-44.31,2019-12-28 06:47:12
493,rancho palos verdes,US,8.41,54,1,0.77,33.75,-118.37,2019-12-28 06:47:12
494,ulaanbaatar,MN,-18.0,64,40,4.0,47.92,106.92,2019-12-28 06:45:15
495,melipilla,CL,14.16,93,0,0.5,-33.69,-71.21,2019-12-28 06:47:13
496,binzhou,CN,13.33,35,0,0.89,37.38,117.96,2019-12-28 06:47:13
497,zhanaozen,KZ,3.44,83,25,1.58,43.35,52.85,2019-12-28 06:47:13
498,along,IN,18.89,36,0,0.8,28.17,94.8,2019-12-28 06:47:13
499,chipata,ZM,23.64,81,100,1.78,-13.64,32.65,2019-12-28 06:47:13
500,srednekolymsk,RU,-34.4,93,49,0.9,67.46,153.71,2019-12-28 06:47:14
501,kavos,GR,4.96,74,40,4.88,38.83,22.83,2019-12-28 06:47:14
502,peniche,PT,11.31,75,0,2.1,39.36,-9.38,2019-12-28 06:47:14
503,molina,CL,16.0,67,9,2.6,-35.11,-71.28,2019-12-28 06:47:14
504,preobrazheniye,RU,-5.25,52,0,2.18,42.9,133.91,2019-12-28 06:47:15
505,havre-saint-pierre,CA,-7.0,92,90,3.1,50.23,-63.6,2019-12-28 06:47:15
506,college,US,-36.29,90,1,1.5,64.86,-147.8,2019-12-28 06:47:15
507,port hedland,AU,36.0,60,54,7.2,-20.31,118.58,2019-12-28 06:47:16
508,eureka,US,3.51,100,75,1.5,40.8,-124.16,2019-12-28 06:47:16
509,san lawrenz,MT,12.19,93,20,1.5,36.06,14.2,2019-12-28 06:47:16
510,kidal,ML,14.47,21,0,4.9,18.44,1.41,2019-12-28 06:47:17
511,teavaro,PF,25.0,83,75,2.6,-17.5,-149.77,2019-12-28 06:47:17
512,bosaso,SO,25.0,78,83,2.0,11.28,49.18,2019-12-28 06:47:17
513,kangaatsiaq,GL,-9.7,78,99,2.8,68.31,-53.46,2019-12-28 06:47:17
514,ilula,TZ,21.0,88,75,4.1,-7.68,36.04,2019-12-28 06:47:18
515,arlit,NE,15.74,25,100,3.61,18.74,7.39,2019-12-28 06:47:18
516,rapina,EE,-0.92,74,90,5.0,58.1,27.46,2019-12-28 06:47:18
517,malabo,CD,24.58,45,100,0.32,1.56,30.43,2019-12-28 06:47:18
518,kaduqli,SD,19.37,17,18,8.47,11.01,29.72,2019-12-28 06:47:18
519,laranjeiras do sul,BR,18.48,96,90,2.04,-25.41,-52.42,2019-12-28 06:47:19
520,saint-georges,CA,1.31,93,100,2.68,46.12,-70.67,2019-12-28 06:47:19
521,conde,BR,26.27,77,34,4.36,-11.81,-37.61,2019-12-28 06:47:19
522,bethalto,US,4.94,81,90,6.2,38.91,-90.04,2019-12-28 06:47:19
523,hearst,CA,-4.11,82,0,4.24,49.69,-83.67,2019-12-28 06:47:20
524,atar,MR,17.82,16,0,5.15,20.52,-13.05,2019-12-28 06:43:06
525,comodoro rivadavia,AR,15.0,38,17,9.3,-45.87,-67.48,2019-12-28 06:47:20
526,chiang khong,LA,23.94,73,40,1.5,20.27,100.41,2019-12-28 06:47:20
527,ancud,CL,7.0,100,4,2.1,-41.87,-73.83,2019-12-28 06:41:02
528,haverfordwest,GB,8.36,93,100,5.7,51.8,-4.97,2019-12-28 06:47:21
529,waitati,NZ,12.78,58,71,6.71,-45.75,170.57,2019-12-28 06:47:21
530,manaure,CO,26.66,86,100,6.91,11.78,-72.45,2019-12-28 06:47:21
531,baijiantan,CN,-8.71,82,72,2.91,45.63,85.18,2019-12-28 06:47:21
532,kez,RU,-11.74,94,100,3.47,57.9,53.72,2019-12-28 06:47:22
533,fuling,CN,5.14,93,100,0.77,29.71,107.39,2019-12-28 06:47:22
534,portland,US,1.52,81,50,2.1,43.66,-70.25,2019-12-28 06:47:22
535,jacmel,HT,26.97,79,1,6.58,18.24,-72.54,2019-12-28 06:47:22
536,ewo,CG,23.75,82,93,1.26,-0.88,14.81,2019-12-28 06:47:23
537,lavrentiya,RU,-23.81,87,0,3.42,65.58,-170.99,2019-12-28 06:47:23
538,sao joao da barra,BR,23.78,88,0,3.28,-21.64,-41.05,2019-12-28 06:47:23
539,areosa,PT,6.13,57,5,6.2,41.72,-8.86,2019-12-28 06:47:24
540,sayat,TM,13.0,30,40,4.1,38.78,63.88,2019-12-28 06:47:24
541,wlodawa,PL,1.0,86,75,6.2,51.55,23.55,2019-12-28 06:43:09
542,innisfail,AU,22.22,88,33,1.34,-17.52,146.03,2019-12-28 06:47:24
543,obo,CF,22.06,18,10,3.83,5.39,26.49,2019-12-28 06:47:25
544,ulladulla,AU,32.01,51,23,3.6,-35.36,150.48,2019-12-28 06:47:25
545,yarega,RU,-16.06,97,96,2.92,63.43,53.58,2019-12-28 06:47:25
546,caxito,BR,17.28,95,6,1.5,-22.65,-42.51,2019-12-28 06:47:25
547,hemsedal,NO,-8.84,86,100,1.66,60.86,8.55,2019-12-28 06:47:26
548,ikom,NG,20.69,93,60,0.59,5.96,8.72,2019-12-28 06:47:26
549,port pirie,AU,35.55,28,31,5.8,-33.18,138.01,2019-12-28 06:47:26
550,almeirim,BR,24.52,89,39,1.94,-1.53,-52.58,2019-12-28 06:47:26
551,grenada,US,15.06,100,90,4.22,33.77,-89.81,2019-12-28 06:47:07
552,lagoa,PT,11.98,93,47,3.6,37.14,-8.45,2019-12-28 06:47:27
553,whyalla,AU,36.34,23,30,6.49,-33.04,137.58,2019-12-28 06:47:27
554,shache,CN,2.78,95,0,1.65,38.42,77.24,2019-12-28 06:47:27
555,itarema,BR,26.31,81,27,2.98,-2.92,-39.92,2019-12-28 06:47:28
556,dawson creek,CA,-4.26,67,1,3.1,55.76,-120.23,2019-12-28 06:47:28
557,dongsheng,CN,9.85,66,95,3.79,29.72,112.52,2019-12-28 06:47:28
558,paita,PE,22.38,77,100,2.53,-5.09,-81.11,2019-12-28 06:47:28
559,kuusamo,FI,-24.0,83,16,0.5,65.96,29.19,2019-12-28 06:47:28
560,obuasi,GH,22.14,96,0,0.1,6.21,-1.69,2019-12-28 06:47:29
561,guilin,CN,13.0,50,90,1.0,25.28,110.29,2019-12-28 06:47:29
562,rotifunk,SL,22.24,96,0,0.69,8.23,-12.68,2019-12-28 06:47:29
